Workbook

Sheet Cover
A2: ISSUE LOG
A3: Project Name:
A4: Project Code: | E4: App Name : | F4: [Nama App Hasil Compile] | H4: Prepared By: | I4: [Nama QA Eng]
E5: Version : | F5: [Versi yang akan dirilis] | H5: Last Update: | I5: [Date]
A6: Environment *) | B6: QA/ DEV / PRD / DRC | E6: Merk dan Tipe Hardware | F6: Example: Verifone Vx520 / Server | H6: Reviewed By: | I6: [QA Manager]
A7: Test Type: *) | B7: Internal / SIT / UAT | H7: Reviewed Date:
H8: Approved By:
H9: Approved Date:
E11: Remain Issue by Category
A12: Status | B12: Total | E12: Category | F12: Total | H12: Bug Free Percetage
A13: Open Case | B13: =COUNTIF('Issue LOG'!G:G,"Open") -> 0 | E13: Functional | F13: =COUNTIFS('Issue LOG'!$F:$F,$E$13,'Issue LOG'!$G:$G,"Open")+COUNTIFS('Issue LOG'!$F:$F,$E$13,'Issue LOG'!$G:$G,"Retest") -> 0 | H13: =I15/(I14+I16) -> 0.96470588
A14: Closed Case | B14: =COUNTIF('Issue LOG'!G:G,"Closed") -> 0 | E14: UI | F14: =COUNTIFS('Issue LOG'!$F:$F,$E$14,'Issue LOG'!$G:$G,"Open")+COUNTIFS('Issue LOG'!$F:$F,$E$14,'Issue LOG'!$G:$G,"Retest") -> 0 | H14: Total Test Cases | I14: 170 | K14: //diambil dari doc Test Scenario
A15: Need Retest | B15: =COUNTIF('Issue LOG'!G:G,"Retest") -> 0 | E15: Performance | F15: =COUNTIFS('Issue LOG'!$F:$F,$E$15,'Issue LOG'!$G:$G,"Open")+COUNTIFS('Issue LOG'!$F:$F,$E$15,'Issue LOG'!$G:$G,"Retest") -> 0 | H15: Success | I15: 164 | K15: //diambil dari doc Test Scenario
A16: Need Clarify | B16: =COUNTIF('Issue LOG'!G:G,"Clarify") -> 0 | E16: Total Remain Case | F16: =SUM(F13:F15) -> 0 | H16: Test Pengulangan | I16: =SUM('Issue LOG'!$H:$H)-SUMIF('Issue LOG'!$G:$G,"Takeout",'Issue LOG'!$H:$H) -> 0
A17: Total Case Recorded | B17: =SUM(B13:B16) -> 0
A18: additional: | E18: Defect Identifier
A19: new case | B19: =COUNTIF('Issue LOG'!$N:$N,$I$5 ) -> 0 | E19: Function Issue | F19: High | G19: Medium | H19: Low | I19: Total
A20: % case closed | B20: =$B$14/$B$17 -> #DIV/0! | E20: Closed | F20: =COUNTIFS('Issue LOG'!$F:$F,"Function",'Issue LOG'!$G:$G,"Closed",'Issue LOG'!$J:$J,"High") -> 0 | G20: =COUNTIFS('Issue LOG'!$F:$F,"Function",'Issue LOG'!$G:$G,"Closed",'Issue LOG'!$J:$J,"Medium") -> 0 | H20: =COUNTIFS('Issue LOG'!$F:$F,"Function",'Issue LOG'!$G:$G,"Closed",'Issue LOG'!$J:$J,"Low") -> 0 | I20: =SUM(F20:H20) -> 0
E21: Open | F21: =COUNTIFS('Issue LOG'!$F:$F,"Functional",'Issue LOG'!$G:$G,"Open",'Issue LOG'!$J:$J,"High")+COUNTIFS('Issue LOG'!$F:$F,"Functional",'Issue LOG'!$G:$G,"Retest",'Issue LOG'!$J:$J,"High") -> 0 | G21: =COUNTIFS('Issue LOG'!$F:$F,"Functional",'Issue LOG'!$G:$G,"Open",'Issue LOG'!$J:$J,"Medium")+COUNTIFS('Issue LOG'!$F:$F,"Functional",'Issue LOG'!$G:$G,"Retest",'Issue LOG'!$J:$J,"Medium") -> 0 | H21: =COUNTIFS('Issue LOG'!$F:$F,"Functional",'Issue LOG'!$G:$G,"Open",'Issue LOG'!$J:$J,"Low")+COUNTIFS('Issue LOG'!$F:$F,"Functional",'Issue LOG'!$G:$G,"Retest",'Issue LOG'!$J:$J,"Low") -> 0 | I21: =SUM(F21:H21) -> 0
E22: Total function Issue ditemukan | F22: =SUM(F20:F21) -> 0 | G22: =SUM(G20:G21) -> 0 | H22: =SUM(H20:H21) -> 0 | I22: =SUM(I20:I21) -> 0
E23: `
E24: UI issue | F24: High | G24: Medium | H24: Low | I24: Total
E25: Closed | F25: =COUNTIFS('Issue LOG'!$F:$F,"UI",'Issue LOG'!$G:$G,"Closed",'Issue LOG'!$J:$J,"High") -> 0 | G25: =COUNTIFS('Issue LOG'!$F:$F,"UI",'Issue LOG'!$G:$G,"Closed",'Issue LOG'!$J:$J,"Medium") -> 0 | H25: =COUNTIFS('Issue LOG'!$F:$F,"UI",'Issue LOG'!$G:$G,"Closed",'Issue LOG'!$J:$J,"Low") -> 0 | I25: =SUM(F25:H25) -> 0
E26: Open | F26: =COUNTIFS('Issue LOG'!$F:$F,"UI",'Issue LOG'!$G:$G,"Open",'Issue LOG'!$J:$J,"High")+COUNTIFS('Issue LOG'!$F:$F,"UI",'Issue LOG'!$G:$G,"Retest",'Issue LOG'!$J:$J,"High") -> 0 | G26: =COUNTIFS('Issue LOG'!$F:$F,"UI",'Issue LOG'!$G:$G,"Open",'Issue LOG'!$J:$J,"Medium")+COUNTIFS('Issue LOG'!$F:$F,"UI",'Issue LOG'!$G:$G,"Retest",'Issue LOG'!$J:$J,"Medium") -> 0 | H26: =COUNTIFS('Issue LOG'!$F:$F,"UI",'Issue LOG'!$G:$G,"Open",'Issue LOG'!$J:$J,"Low")+COUNTIFS('Issue LOG'!$F:$F,"UI",'Issue LOG'!$G:$G,"Retest",'Issue LOG'!$J:$J,"Low") -> 0 | I26: =SUM(F26:H26) -> 0
E27: Total UI Issue ditemukan | F27: =SUM(F25:F26) -> 0 | G27: =SUM(G25:G26) -> 0 | H27: =SUM(H25:H26) -> 0 | I27: =SUM(I25:I26) -> 0
E29: Performance Issue | F29: High | G29: Medium | H29: Low | I29: Total
E30: Closed | F30: =COUNTIFS('Issue LOG'!$F:$F,"Performance",'Issue LOG'!$G:$G,"Closed",'Issue LOG'!$J:$J,"High") -> 0 | G30: =COUNTIFS('Issue LOG'!$F:$F,"Performance",'Issue LOG'!$G:$G,"Closed",'Issue LOG'!$J:$J,"Medium") -> 0 | H30: =COUNTIFS('Issue LOG'!$F:$F,"Performance",'Issue LOG'!$G:$G,"Closed",'Issue LOG'!$J:$J,"Low") -> 0 | I30: =SUM(F30:H30) -> 0
E31: Open | F31: =COUNTIFS('Issue LOG'!$F:$F,"Performance",'Issue LOG'!$G:$G,"Open",'Issue LOG'!$J:$J,"High")+COUNTIFS('Issue LOG'!$F:$F,"Performance",'Issue LOG'!$G:$G,"Retest",'Issue LOG'!$J:$J,"High") -> 0 | G31: =COUNTIFS('Issue LOG'!$F:$F,"Performance",'Issue LOG'!$G:$G,"Open",'Issue LOG'!$J:$J,"Medium")+COUNTIFS('Issue LOG'!$F:$F,"Performance",'Issue LOG'!$G:$G,"Retest",'Issue LOG'!$J:$J,"Medium") -> 0 | H31: =COUNTIFS('Issue LOG'!$F:$F,"Performance",'Issue LOG'!$G:$G,"Open",'Issue LOG'!$J:$J,"Low")+COUNTIFS('Issue LOG'!$F:$F,"Performance",'Issue LOG'!$G:$G,"Retest",'Issue LOG'!$J:$J,"Low") -> 0 | I31: =SUM(F31:H31) -> 0
E32: Total Performance Issue ditemukan | F32: =SUM(F30:F31) -> 0 | G32: =SUM(G30:G31) -> 0 | H32: =SUM(H30:H31) -> 0 | I32: =SUM(I30:I31) -> 0
E33: `
A34: Open Issue by Handler
A35: Programmer | B35: Total
A36: Programmer1 | B36: =COUNTIFS('Issue LOG'!$O:$O,$A$36,'Issue LOG'!$G:$G,"Open")+COUNTIFS('Issue LOG'!$O:$O,$A$36,'Issue LOG'!$G:$G,"Retest") -> 0
A37: Programmer2 | B37: =COUNTIFS('Issue LOG'!$O:$O,$A37,'Issue LOG'!$G:$G,"Open")+COUNTIFS('Issue LOG'!$O:$O,$A37,'Issue LOG'!$G:$G,"Retest") -> 0
A38: Programmer3 | B38: =COUNTIFS('Issue LOG'!$O:$O,$A38,'Issue LOG'!$G:$G,"Open")+COUNTIFS('Issue LOG'!$O:$O,$A38,'Issue LOG'!$G:$G,"Retest") -> 0
A39: Programmer4 | B39: =COUNTIFS('Issue LOG'!$O:$O,$A39,'Issue LOG'!$G:$G,"Open")+COUNTIFS('Issue LOG'!$O:$O,$A39,'Issue LOG'!$G:$G,"Retest") -> 0

Sheet Issue LOG
A1: No | B1: Issue Description | C1: Expected Result | D1: Step Reproduce | E1: QA Suggestion | F1: Category | G1: Status | H1: Repetition | I1: Criteria | J1: Priority | K1: Severity | L1: Updates/Answers | M1: Raised by | N1: Date Raised | O1: Follow up by | P1: Date Closed | Q1: Version Close (Rilis)
A3: 1
A4: 2
A5: 3
A6: 4
A7: 5
A8: 6
A9: 7
A10: 8
A11: 9
A12: 10
A13: 11
A14: 12
... A34: 32

Sheet LOG  Print Screen
A1: Nomor Issue Log | B1: TC | C1: Capture Screen
